<?xml version="1.0" encoding="UTF-8"?>
<rss version="2.0" xmlns:ror="http://rorweb.com/0.1/" >
<channel>
  <title>ROR Sitemap for https://maremeze.com/</title>
  <link>https://maremeze.com/</link>

<item>
     <link>https://maremeze.com/</link>
     <title>Mare Meze - Meze Türleri</title>
     <description>Lezzetli mezelerimizle damak tadınıza hitap ediyoruz. 
  Türk mutfağının en özel mezelerini hazırlıyoruz. Maltepe'nin gözde lezzet duraklarından 
  biri olarak sizleri ağırlamaktan mutluluk duyuyoruz.</description>
     <ror:updatePeriod></ror:updatePeriod>
     <ror:sortOrder>0</ror:sortOrder>
     <ror:resourceOf>sitemap</ror:resourceOf>
</item>
<item>
     <link>https://maremeze.com/menu</link>
     <title>Mare Meze - Meze Türleri</title>
     <description>Lezzetli mezelerimizle damak tadınıza hitap ediyoruz. 
  Türk mutfağının en özel mezelerini hazırlıyoruz. Maltepe'nin gözde lezzet duraklarından 
  biri olarak sizleri ağırlamaktan mutluluk duyuyoruz.</description>
     <ror:updatePeriod></ror:updatePeriod>
     <ror:sortOrder>1</ror:sortOrder>
     <ror:resourceOf>sitemap</ror:resourceOf>
</item>
</channel>
</rss>
  